{"result1":{"value1":0.3203869101463952,"value2":0.1275565852485372},"result2":{"value1":0.565032110561593,"value2":0.7157132058677527}}