{"result1":{"value1":0.36372136600654437,"value2":0.9765253645660663},"result2":{"value1":0.18141705289653687,"value2":0.9054531083809554}}