{"result1":{"value1":0.6078313609276811,"value2":0.8144253883663679},"result2":{"value1":0.040360719754587215,"value2":0.9219143642872276}}