{"result1":{"value1":0.15055572053134125,"value2":0.7067929230013259},"result2":{"value1":0.53935302440723,"value2":0.676124760862818}}